0;1
live_test_2_1;[0]
live_test_2_10;[1]
live_test_2_100;[0]
live_test_2_1000;[0]
live_test_2_1001;[0]
live_test_2_1002;[0]
live_test_2_1003;[0]
live_test_2_1004;[0]
live_test_2_1005;[0]
live_test_2_1006;[0]
live_test_2_1007;[0]
live_test_2_1008;[0]
live_test_2_1009;[0]
live_test_2_101;[0]
live_test_2_1010;[0]
live_test_2_1011;[0]
live_test_2_1012;[0]
live_test_2_1013;[0]
live_test_2_1014;[0]
live_test_2_1015;[0]
live_test_2_1016;[0]
live_test_2_1017;[0]
live_test_2_1018;[0]
live_test_2_1019;[0]
live_test_2_102;[0]
live_test_2_1020;[0]
live_test_2_1021;[0]
live_test_2_1022;[0]
live_test_2_1023;[0]
live_test_2_1024;[0]
live_test_2_1025;[0]
live_test_2_1026;[0]
live_test_2_1027;[0]
live_test_2_1028;[0]
live_test_2_1029;[1]
live_test_2_103;[0]
live_test_2_1030;[0]
live_test_2_1031;[1]
live_test_2_1032;[0]
live_test_2_1033;[0]
live_test_2_1034;[0]
live_test_2_1035;[0]
live_test_2_1036;[0]
live_test_2_1037;[0]
live_test_2_1038;[0]
live_test_2_1039;[0]
live_test_2_104;[0]
live_test_2_1040;[0]
live_test_2_1041;[0]
live_test_2_1042;[0]
live_test_2_1043;[0]
live_test_2_1044;[0]
live_test_2_1045;[0]
live_test_2_1046;[0]
live_test_2_1047;[0]
live_test_2_1048;[0]
live_test_2_1049;[0]
live_test_2_105;[0]
live_test_2_1050;[0]
live_test_2_1051;[0]
live_test_2_1052;[0]
live_test_2_1053;[0]
live_test_2_1054;[0]
live_test_2_1055;[0]
live_test_2_1056;[0]
live_test_2_1057;[0]
live_test_2_1058;[0]
live_test_2_1059;[0]
live_test_2_106;[0]
live_test_2_1060;[0]
live_test_2_1061;[0]
live_test_2_1062;[0]
live_test_2_1063;[0]
live_test_2_1064;[0]
live_test_2_1065;[0]
live_test_2_1066;[0]
live_test_2_1067;[0]
live_test_2_1068;[0]
live_test_2_1069;[0]
live_test_2_107;[0]
live_test_2_1070;[0]
live_test_2_1071;[0]
live_test_2_1072;[0]
live_test_2_1073;[0]
live_test_2_1074;[0]
live_test_2_1075;[0]
live_test_2_1076;[1]
live_test_2_1077;[1]
live_test_2_1078;[1]
live_test_2_1079;[0]
live_test_2_108;[0]
live_test_2_1080;[0]
live_test_2_1081;[0]
live_test_2_1082;[0]
live_test_2_1083;[0]
live_test_2_1084;[0]
live_test_2_1085;[0]
live_test_2_1086;[0]
live_test_2_1087;[0]
live_test_2_1088;[0]
live_test_2_1089;[0]
live_test_2_109;[0]
live_test_2_1090;[0]
live_test_2_1091;[0]
live_test_2_1092;[0]
live_test_2_1093;[0]
live_test_2_1094;[0]
live_test_2_1095;[0]
live_test_2_1096;[0]
live_test_2_1097;[0]
live_test_2_1098;[0]
live_test_2_1099;[0]
live_test_2_11;[1]
live_test_2_110;[0]
live_test_2_1100;[0]
live_test_2_1101;[0]
live_test_2_1102;[0]
live_test_2_1103;[0]
live_test_2_1104;[0]
live_test_2_1105;[0]
live_test_2_1106;[0]
live_test_2_1107;[0]
live_test_2_1108;[0]
live_test_2_1109;[0]
live_test_2_111;[0]
live_test_2_1110;[0]
live_test_2_1111;[0]
live_test_2_1112;[0]
live_test_2_1113;[0]
live_test_2_1114;[0]
live_test_2_1115;[0]
live_test_2_1116;[0]
live_test_2_1117;[0]
live_test_2_1118;[0]
live_test_2_1119;[0]
live_test_2_112;[0]
live_test_2_1120;[0]
live_test_2_1121;[0]
live_test_2_1122;[0]
live_test_2_1123;[0]
live_test_2_1124;[0]
live_test_2_1125;[0]
live_test_2_1126;[0]
live_test_2_1127;[0]
live_test_2_1128;[0]
live_test_2_1129;[0]
live_test_2_113;[0]
live_test_2_1130;[0]
live_test_2_1131;[0]
live_test_2_1132;[0]
live_test_2_1133;[0]
live_test_2_1134;[0]
live_test_2_1135;[0]
live_test_2_1136;[0]
live_test_2_1137;[0]
live_test_2_1138;[0]
live_test_2_1139;[0]
live_test_2_114;[0]
live_test_2_1140;[0]
live_test_2_115;[0]
live_test_2_116;[0]
live_test_2_117;[0]
live_test_2_118;[0]
live_test_2_119;[0]
live_test_2_12;[1]
live_test_2_120;[0]
live_test_2_121;[0]
live_test_2_122;[0]
live_test_2_123;[1]
live_test_2_124;[0]
live_test_2_125;[1]
live_test_2_126;[0]
live_test_2_127;[1]
live_test_2_128;[0]
live_test_2_129;[0]
live_test_2_13;[0]
live_test_2_130;[1]
live_test_2_131;[0]
live_test_2_132;[0]
live_test_2_133;[1]
live_test_2_134;[0]
live_test_2_135;[0]
live_test_2_136;[1]
live_test_2_137;[0]
live_test_2_138;[0]
live_test_2_139;[0]
live_test_2_14;[0]
live_test_2_140;[0]
live_test_2_141;[0]
live_test_2_142;[0]
live_test_2_143;[0]
live_test_2_144;[0]
live_test_2_145;[0]
live_test_2_146;[0]
live_test_2_147;[0]
live_test_2_148;[0]
live_test_2_149;[0]
live_test_2_15;[0]
live_test_2_150;[0]
live_test_2_151;[1]
live_test_2_152;[0]
live_test_2_153;[0]
live_test_2_154;[1]
live_test_2_155;[0]
live_test_2_156;[1]
live_test_2_157;[0]
live_test_2_158;[0]
live_test_2_159;[0]
live_test_2_16;[0]
live_test_2_160;[1]
live_test_2_161;[0]
live_test_2_162;[0]
live_test_2_163;[0]
live_test_2_164;[0]
live_test_2_165;[0]
live_test_2_166;[1]
live_test_2_167;[0]
live_test_2_168;[0]
live_test_2_169;[0]
live_test_2_17;[1]
live_test_2_170;[1]
live_test_2_171;[1]
live_test_2_172;[0]
live_test_2_173;[1]
live_test_2_174;[1]
live_test_2_175;[0]
live_test_2_176;[0]
live_test_2_177;[1]
live_test_2_178;[1]
live_test_2_179;[0]
live_test_2_18;[1]
live_test_2_180;[0]
live_test_2_181;[1]
live_test_2_182;[0]
live_test_2_183;[0]
live_test_2_184;[1]
live_test_2_185;[0]
live_test_2_186;[0]
live_test_2_187;[1]
live_test_2_188;[0]
live_test_2_189;[0]
live_test_2_19;[1]
live_test_2_190;[1]
live_test_2_191;[0]
live_test_2_192;[0]
live_test_2_193;[1]
live_test_2_194;[0]
live_test_2_195;[0]
live_test_2_196;[1]
live_test_2_197;[0]
live_test_2_198;[1]
live_test_2_199;[0]
live_test_2_2;[0]
live_test_2_20;[1]
live_test_2_200;[1]
live_test_2_201;[0]
live_test_2_202;[1]
live_test_2_203;[0]
live_test_2_204;[1]
live_test_2_205;[0]
live_test_2_206;[1]
live_test_2_207;[0]
live_test_2_208;[1]
live_test_2_209;[0]
live_test_2_21;[0]
live_test_2_210;[1]
live_test_2_211;[0]
live_test_2_212;[1]
live_test_2_213;[0]
live_test_2_214;[1]
live_test_2_215;[0]
live_test_2_216;[1]
live_test_2_217;[0]
live_test_2_218;[1]
live_test_2_219;[0]
live_test_2_22;[0]
live_test_2_220;[1]
live_test_2_221;[0]
live_test_2_222;[1]
live_test_2_223;[0]
live_test_2_224;[1]
live_test_2_225;[0]
live_test_2_226;[1]
live_test_2_227;[0]
live_test_2_228;[1]
live_test_2_229;[1]
live_test_2_23;[0]
live_test_2_230;[0]
live_test_2_231;[1]
live_test_2_232;[0]
live_test_2_233;[1]
live_test_2_234;[0]
live_test_2_235;[1]
live_test_2_236;[0]
live_test_2_237;[0]
live_test_2_238;[0]
live_test_2_239;[0]
live_test_2_24;[0]
live_test_2_240;[0]
live_test_2_241;[0]
live_test_2_242;[0]
live_test_2_243;[0]
live_test_2_244;[0]
live_test_2_245;[0]
live_test_2_246;[0]
live_test_2_247;[1]
live_test_2_248;[0]
live_test_2_249;[0]
live_test_2_25;[1]
live_test_2_250;[0]
live_test_2_251;[0]
live_test_2_252;[0]
live_test_2_253;[0]
live_test_2_254;[0]
live_test_2_255;[0]
live_test_2_256;[0]
live_test_2_257;[1]
live_test_2_258;[0]
live_test_2_259;[1]
live_test_2_26;[0]
live_test_2_260;[0]
live_test_2_261;[1]
live_test_2_262;[1]
live_test_2_263;[1]
live_test_2_264;[1]
live_test_2_265;[1]
live_test_2_266;[1]
live_test_2_267;[1]
live_test_2_268;[1]
live_test_2_269;[0]
live_test_2_27;[0]
live_test_2_270;[0]
live_test_2_271;[0]
live_test_2_272;[0]
live_test_2_273;[0]
live_test_2_274;[0]
live_test_2_275;[0]
live_test_2_276;[0]
live_test_2_277;[0]
live_test_2_278;[0]
live_test_2_279;[0]
live_test_2_28;[0]
live_test_2_280;[0]
live_test_2_281;[0]
live_test_2_282;[0]
live_test_2_283;[0]
live_test_2_284;[0]
live_test_2_285;[0]
live_test_2_286;[0]
live_test_2_287;[0]
live_test_2_288;[0]
live_test_2_289;[0]
live_test_2_29;[0]
live_test_2_290;[0]
live_test_2_291;[0]
live_test_2_292;[0]
live_test_2_293;[0]
live_test_2_294;[0]
live_test_2_295;[0]
live_test_2_296;[0]
live_test_2_297;[1]
live_test_2_298;[1]
live_test_2_299;[0]
live_test_2_3;[0]
live_test_2_30;[0]
live_test_2_300;[0]
live_test_2_301;[0]
live_test_2_302;[0]
live_test_2_303;[0]
live_test_2_304;[0]
live_test_2_305;[0]
live_test_2_306;[0]
live_test_2_307;[0]
live_test_2_308;[0]
live_test_2_309;[0]
live_test_2_31;[0]
live_test_2_310;[0]
live_test_2_311;[0]
live_test_2_312;[0]
live_test_2_313;[0]
live_test_2_314;[0]
live_test_2_315;[0]
live_test_2_316;[0]
live_test_2_317;[0]
live_test_2_318;[0]
live_test_2_319;[0]
live_test_2_32;[0]
live_test_2_320;[0]
live_test_2_321;[0]
live_test_2_322;[0]
live_test_2_323;[0]
live_test_2_324;[0]
live_test_2_325;[0]
live_test_2_326;[0]
live_test_2_327;[0]
live_test_2_328;[0]
live_test_2_329;[0]
live_test_2_33;[0]
live_test_2_330;[0]
live_test_2_331;[0]
live_test_2_332;[0]
live_test_2_333;[0]
live_test_2_334;[0]
live_test_2_335;[0]
live_test_2_336;[0]
live_test_2_337;[0]
live_test_2_338;[0]
live_test_2_339;[0]
live_test_2_34;[0]
live_test_2_340;[0]
live_test_2_341;[0]
live_test_2_342;[0]
live_test_2_343;[0]
live_test_2_344;[0]
live_test_2_345;[0]
live_test_2_346;[0]
live_test_2_347;[0]
live_test_2_348;[0]
live_test_2_349;[0]
live_test_2_35;[0]
live_test_2_350;[0]
live_test_2_351;[0]
live_test_2_352;[0]
live_test_2_353;[0]
live_test_2_354;[0]
live_test_2_355;[0]
live_test_2_356;[0]
live_test_2_357;[0]
live_test_2_358;[0]
live_test_2_359;[0]
live_test_2_36;[0]
live_test_2_360;[0]
live_test_2_361;[0]
live_test_2_362;[0]
live_test_2_363;[0]
live_test_2_364;[0]
live_test_2_365;[0]
live_test_2_366;[0]
live_test_2_367;[0]
live_test_2_368;[0]
live_test_2_369;[0]
live_test_2_37;[0]
live_test_2_370;[0]
live_test_2_371;[0]
live_test_2_372;[0]
live_test_2_373;[0]
live_test_2_374;[0]
live_test_2_375;[0]
live_test_2_376;[0]
live_test_2_377;[0]
live_test_2_378;[0]
live_test_2_379;[0]
live_test_2_38;[0]
live_test_2_380;[0]
live_test_2_381;[0]
live_test_2_382;[0]
live_test_2_383;[0]
live_test_2_384;[0]
live_test_2_385;[0]
live_test_2_386;[0]
live_test_2_387;[0]
live_test_2_388;[0]
live_test_2_389;[0]
live_test_2_39;[0]
live_test_2_390;[0]
live_test_2_391;[0]
live_test_2_392;[0]
live_test_2_393;[0]
live_test_2_394;[0]
live_test_2_395;[0]
live_test_2_396;[0]
live_test_2_397;[0]
live_test_2_398;[0]
live_test_2_399;[0]
live_test_2_4;[0]
live_test_2_40;[0]
live_test_2_400;[0]
live_test_2_401;[0]
live_test_2_402;[0]
live_test_2_403;[0]
live_test_2_404;[1]
live_test_2_405;[0]
live_test_2_406;[1]
live_test_2_407;[0]
live_test_2_408;[0]
live_test_2_409;[1]
live_test_2_41;[1]
live_test_2_410;[1]
live_test_2_411;[0]
live_test_2_412;[0]
live_test_2_413;[0]
live_test_2_414;[0]
live_test_2_415;[1]
live_test_2_416;[1]
live_test_2_417;[0]
live_test_2_418;[0]
live_test_2_419;[0]
live_test_2_42;[0]
live_test_2_420;[0]
live_test_2_421;[0]
live_test_2_422;[0]
live_test_2_423;[0]
live_test_2_424;[0]
live_test_2_425;[0]
live_test_2_426;[0]
live_test_2_427;[0]
live_test_2_428;[0]
live_test_2_429;[0]
live_test_2_43;[1]
live_test_2_430;[0]
live_test_2_431;[1]
live_test_2_432;[1]
live_test_2_433;[0]
live_test_2_434;[1]
live_test_2_435;[1]
live_test_2_436;[1]
live_test_2_437;[1]
live_test_2_438;[1]
live_test_2_439;[0]
live_test_2_44;[0]
live_test_2_440;[1]
live_test_2_441;[0]
live_test_2_442;[0]
live_test_2_443;[1]
live_test_2_444;[0]
live_test_2_445;[0]
live_test_2_446;[0]
live_test_2_447;[0]
live_test_2_448;[0]
live_test_2_449;[0]
live_test_2_45;[1]
live_test_2_450;[0]
live_test_2_451;[0]
live_test_2_452;[0]
live_test_2_453;[0]
live_test_2_454;[0]
live_test_2_455;[0]
live_test_2_456;[0]
live_test_2_457;[0]
live_test_2_458;[0]
live_test_2_459;[0]
live_test_2_46;[0]
live_test_2_460;[0]
live_test_2_461;[0]
live_test_2_462;[0]
live_test_2_463;[0]
live_test_2_464;[0]
live_test_2_465;[0]
live_test_2_466;[0]
live_test_2_467;[0]
live_test_2_468;[0]
live_test_2_469;[0]
live_test_2_47;[1]
live_test_2_470;[0]
live_test_2_471;[0]
live_test_2_472;[0]
live_test_2_473;[0]
live_test_2_474;[0]
live_test_2_475;[0]
live_test_2_476;[0]
live_test_2_477;[0]
live_test_2_478;[0]
live_test_2_479;[0]
live_test_2_48;[0]
live_test_2_480;[0]
live_test_2_481;[0]
live_test_2_482;[0]
live_test_2_483;[0]
live_test_2_484;[0]
live_test_2_485;[0]
live_test_2_486;[0]
live_test_2_487;[0]
live_test_2_488;[0]
live_test_2_489;[1]
live_test_2_49;[1]
live_test_2_490;[0]
live_test_2_491;[1]
live_test_2_492;[0]
live_test_2_493;[1]
live_test_2_494;[0]
live_test_2_495;[1]
live_test_2_496;[0]
live_test_2_497;[1]
live_test_2_498;[0]
live_test_2_499;[1]
live_test_2_5;[0]
live_test_2_50;[0]
live_test_2_500;[0]
live_test_2_501;[1]
live_test_2_502;[0]
live_test_2_503;[1]
live_test_2_504;[0]
live_test_2_505;[1]
live_test_2_506;[0]
live_test_2_507;[1]
live_test_2_508;[0]
live_test_2_509;[1]
live_test_2_51;[1]
live_test_2_510;[0]
live_test_2_511;[1]
live_test_2_512;[0]
live_test_2_513;[0]
live_test_2_514;[1]
live_test_2_515;[0]
live_test_2_516;[1]
live_test_2_517;[0]
live_test_2_518;[0]
live_test_2_519;[1]
live_test_2_52;[0]
live_test_2_520;[0]
live_test_2_521;[0]
live_test_2_522;[0]
live_test_2_523;[1]
live_test_2_524;[0]
live_test_2_525;[1]
live_test_2_526;[0]
live_test_2_527;[1]
live_test_2_528;[0]
live_test_2_529;[1]
live_test_2_53;[1]
live_test_2_530;[0]
live_test_2_531;[1]
live_test_2_532;[0]
live_test_2_533;[1]
live_test_2_534;[0]
live_test_2_535;[1]
live_test_2_536;[0]
live_test_2_537;[0]
live_test_2_538;[0]
live_test_2_539;[0]
live_test_2_54;[0]
live_test_2_540;[0]
live_test_2_541;[0]
live_test_2_542;[0]
live_test_2_543;[1]
live_test_2_544;[0]
live_test_2_545;[1]
live_test_2_546;[0]
live_test_2_547;[1]
live_test_2_548;[0]
live_test_2_549;[1]
live_test_2_55;[0]
live_test_2_550;[0]
live_test_2_551;[0]
live_test_2_552;[0]
live_test_2_553;[0]
live_test_2_554;[0]
live_test_2_555;[1]
live_test_2_556;[0]
live_test_2_557;[0]
live_test_2_558;[0]
live_test_2_559;[0]
live_test_2_56;[0]
live_test_2_560;[0]
live_test_2_561;[0]
live_test_2_562;[0]
live_test_2_563;[0]
live_test_2_564;[0]
live_test_2_565;[0]
live_test_2_566;[0]
live_test_2_567;[0]
live_test_2_568;[0]
live_test_2_569;[0]
live_test_2_57;[0]
live_test_2_570;[0]
live_test_2_571;[0]
live_test_2_572;[0]
live_test_2_573;[0]
live_test_2_574;[0]
live_test_2_575;[0]
live_test_2_576;[0]
live_test_2_577;[0]
live_test_2_578;[0]
live_test_2_579;[0]
live_test_2_58;[0]
live_test_2_580;[0]
live_test_2_581;[0]
live_test_2_582;[0]
live_test_2_583;[0]
live_test_2_584;[0]
live_test_2_585;[0]
live_test_2_586;[0]
live_test_2_587;[0]
live_test_2_588;[0]
live_test_2_589;[0]
live_test_2_59;[0]
live_test_2_590;[0]
live_test_2_591;[0]
live_test_2_592;[0]
live_test_2_593;[0]
live_test_2_594;[0]
live_test_2_595;[0]
live_test_2_596;[0]
live_test_2_597;[0]
live_test_2_598;[0]
live_test_2_599;[0]
live_test_2_6;[0]
live_test_2_60;[0]
live_test_2_600;[0]
live_test_2_601;[0]
live_test_2_602;[0]
live_test_2_603;[0]
live_test_2_604;[0]
live_test_2_605;[1]
live_test_2_606;[0]
live_test_2_607;[0]
live_test_2_608;[0]
live_test_2_609;[1]
live_test_2_61;[1]
live_test_2_610;[0]
live_test_2_611;[0]
live_test_2_612;[0]
live_test_2_613;[0]
live_test_2_614;[0]
live_test_2_615;[1]
live_test_2_616;[0]
live_test_2_617;[0]
live_test_2_618;[0]
live_test_2_619;[0]
live_test_2_62;[0]
live_test_2_620;[0]
live_test_2_621;[0]
live_test_2_622;[0]
live_test_2_623;[1]
live_test_2_624;[0]
live_test_2_625;[1]
live_test_2_626;[0]
live_test_2_627;[1]
live_test_2_628;[0]
live_test_2_629;[1]
live_test_2_63;[0]
live_test_2_630;[0]
live_test_2_631;[1]
live_test_2_632;[0]
live_test_2_633;[1]
live_test_2_634;[0]
live_test_2_635;[1]
live_test_2_636;[0]
live_test_2_637;[1]
live_test_2_638;[0]
live_test_2_639;[1]
live_test_2_64;[1]
live_test_2_640;[0]
live_test_2_641;[1]
live_test_2_642;[0]
live_test_2_643;[1]
live_test_2_644;[0]
live_test_2_645;[1]
live_test_2_646;[0]
live_test_2_647;[1]
live_test_2_648;[0]
live_test_2_649;[1]
live_test_2_65;[0]
live_test_2_650;[0]
live_test_2_651;[1]
live_test_2_652;[0]
live_test_2_653;[1]
live_test_2_654;[0]
live_test_2_655;[1]
live_test_2_656;[1]
live_test_2_657;[0]
live_test_2_658;[1]
live_test_2_659;[1]
live_test_2_66;[0]
live_test_2_660;[0]
live_test_2_661;[1]
live_test_2_662;[0]
live_test_2_663;[1]
live_test_2_664;[0]
live_test_2_665;[1]
live_test_2_666;[0]
live_test_2_667;[1]
live_test_2_668;[0]
live_test_2_669;[1]
live_test_2_67;[1]
live_test_2_670;[0]
live_test_2_671;[1]
live_test_2_672;[0]
live_test_2_673;[1]
live_test_2_674;[0]
live_test_2_675;[1]
live_test_2_676;[0]
live_test_2_677;[1]
live_test_2_678;[0]
live_test_2_679;[1]
live_test_2_68;[0]
live_test_2_680;[0]
live_test_2_681;[1]
live_test_2_682;[1]
live_test_2_683;[0]
live_test_2_684;[1]
live_test_2_685;[0]
live_test_2_686;[1]
live_test_2_687;[0]
live_test_2_688;[1]
live_test_2_689;[0]
live_test_2_69;[0]
live_test_2_690;[1]
live_test_2_691;[0]
live_test_2_692;[1]
live_test_2_693;[0]
live_test_2_694;[1]
live_test_2_695;[0]
live_test_2_696;[0]
live_test_2_697;[1]
live_test_2_698;[0]
live_test_2_699;[0]
live_test_2_7;[0]
live_test_2_70;[1]
live_test_2_700;[1]
live_test_2_701;[0]
live_test_2_702;[1]
live_test_2_703;[0]
live_test_2_704;[1]
live_test_2_705;[0]
live_test_2_706;[1]
live_test_2_707;[0]
live_test_2_708;[1]
live_test_2_709;[0]
live_test_2_71;[0]
live_test_2_710;[1]
live_test_2_711;[0]
live_test_2_712;[1]
live_test_2_713;[0]
live_test_2_714;[1]
live_test_2_715;[0]
live_test_2_716;[1]
live_test_2_717;[0]
live_test_2_718;[1]
live_test_2_719;[0]
live_test_2_72;[0]
live_test_2_720;[0]
live_test_2_721;[0]
live_test_2_722;[0]
live_test_2_723;[0]
live_test_2_724;[0]
live_test_2_725;[0]
live_test_2_726;[0]
live_test_2_727;[0]
live_test_2_728;[0]
live_test_2_729;[0]
live_test_2_73;[1]
live_test_2_730;[0]
live_test_2_731;[0]
live_test_2_732;[0]
live_test_2_733;[0]
live_test_2_734;[0]
live_test_2_735;[0]
live_test_2_736;[0]
live_test_2_737;[0]
live_test_2_738;[0]
live_test_2_739;[0]
live_test_2_74;[0]
live_test_2_740;[0]
live_test_2_741;[0]
live_test_2_742;[0]
live_test_2_743;[0]
live_test_2_744;[0]
live_test_2_745;[0]
live_test_2_746;[0]
live_test_2_747;[0]
live_test_2_748;[0]
live_test_2_749;[0]
live_test_2_75;[0]
live_test_2_750;[0]
live_test_2_751;[0]
live_test_2_752;[0]
live_test_2_753;[0]
live_test_2_754;[0]
live_test_2_755;[0]
live_test_2_756;[0]
live_test_2_757;[0]
live_test_2_758;[0]
live_test_2_759;[0]
live_test_2_76;[1]
live_test_2_760;[0]
live_test_2_761;[0]
live_test_2_762;[0]
live_test_2_763;[0]
live_test_2_764;[0]
live_test_2_765;[0]
live_test_2_766;[0]
live_test_2_767;[0]
live_test_2_768;[0]
live_test_2_769;[0]
live_test_2_77;[0]
live_test_2_770;[0]
live_test_2_771;[1]
live_test_2_772;[1]
live_test_2_773;[1]
live_test_2_774;[1]
live_test_2_775;[1]
live_test_2_776;[1]
live_test_2_777;[1]
live_test_2_778;[1]
live_test_2_779;[1]
live_test_2_78;[0]
live_test_2_780;[1]
live_test_2_781;[1]
live_test_2_782;[1]
live_test_2_783;[1]
live_test_2_784;[1]
live_test_2_785;[1]
live_test_2_786;[1]
live_test_2_787;[1]
live_test_2_788;[1]
live_test_2_789;[1]
live_test_2_79;[1]
live_test_2_790;[1]
live_test_2_791;[1]
live_test_2_792;[1]
live_test_2_793;[1]
live_test_2_794;[1]
live_test_2_795;[1]
live_test_2_796;[1]
live_test_2_797;[1]
live_test_2_798;[1]
live_test_2_799;[1]
live_test_2_8;[0]
live_test_2_80;[0]
live_test_2_800;[1]
live_test_2_801;[0]
live_test_2_802;[0]
live_test_2_803;[0]
live_test_2_804;[0]
live_test_2_805;[0]
live_test_2_806;[0]
live_test_2_807;[1]
live_test_2_808;[0]
live_test_2_809;[0]
live_test_2_81;[0]
live_test_2_810;[0]
live_test_2_811;[0]
live_test_2_812;[0]
live_test_2_813;[0]
live_test_2_814;[0]
live_test_2_815;[0]
live_test_2_816;[1]
live_test_2_817;[0]
live_test_2_818;[0]
live_test_2_819;[0]
live_test_2_82;[0]
live_test_2_820;[0]
live_test_2_821;[0]
live_test_2_822;[0]
live_test_2_823;[0]
live_test_2_824;[0]
live_test_2_825;[0]
live_test_2_826;[0]
live_test_2_827;[0]
live_test_2_828;[0]
live_test_2_829;[1]
live_test_2_83;[0]
live_test_2_830;[0]
live_test_2_831;[0]
live_test_2_832;[0]
live_test_2_833;[0]
live_test_2_834;[0]
live_test_2_835;[0]
live_test_2_836;[0]
live_test_2_837;[0]
live_test_2_838;[0]
live_test_2_839;[0]
live_test_2_84;[0]
live_test_2_840;[0]
live_test_2_841;[0]
live_test_2_842;[0]
live_test_2_843;[0]
live_test_2_844;[0]
live_test_2_845;[0]
live_test_2_846;[0]
live_test_2_847;[0]
live_test_2_848;[0]
live_test_2_849;[0]
live_test_2_85;[1]
live_test_2_850;[0]
live_test_2_851;[0]
live_test_2_852;[0]
live_test_2_853;[0]
live_test_2_854;[0]
live_test_2_855;[0]
live_test_2_856;[0]
live_test_2_857;[1]
live_test_2_858;[0]
live_test_2_859;[1]
live_test_2_86;[0]
live_test_2_860;[0]
live_test_2_861;[1]
live_test_2_862;[0]
live_test_2_863;[1]
live_test_2_864;[0]
live_test_2_865;[1]
live_test_2_866;[0]
live_test_2_867;[0]
live_test_2_868;[1]
live_test_2_869;[0]
live_test_2_87;[0]
live_test_2_870;[0]
live_test_2_871;[1]
live_test_2_872;[0]
live_test_2_873;[1]
live_test_2_874;[0]
live_test_2_875;[0]
live_test_2_876;[1]
live_test_2_877;[0]
live_test_2_878;[0]
live_test_2_879;[1]
live_test_2_88;[0]
live_test_2_880;[0]
live_test_2_881;[1]
live_test_2_882;[0]
live_test_2_883;[0]
live_test_2_884;[1]
live_test_2_885;[0]
live_test_2_886;[1]
live_test_2_887;[0]
live_test_2_888;[1]
live_test_2_889;[0]
live_test_2_89;[0]
live_test_2_890;[0]
live_test_2_891;[1]
live_test_2_892;[0]
live_test_2_893;[1]
live_test_2_894;[0]
live_test_2_895;[1]
live_test_2_896;[0]
live_test_2_897;[1]
live_test_2_898;[0]
live_test_2_899;[1]
live_test_2_9;[0]
live_test_2_90;[0]
live_test_2_900;[0]
live_test_2_901;[0]
live_test_2_902;[1]
live_test_2_903;[0]
live_test_2_904;[1]
live_test_2_905;[0]
live_test_2_906;[0]
live_test_2_907;[0]
live_test_2_908;[1]
live_test_2_909;[0]
live_test_2_91;[0]
live_test_2_910;[1]
live_test_2_911;[0]
live_test_2_912;[0]
live_test_2_913;[1]
live_test_2_914;[0]
live_test_2_915;[0]
live_test_2_916;[1]
live_test_2_917;[0]
live_test_2_918;[0]
live_test_2_919;[0]
live_test_2_92;[0]
live_test_2_920;[0]
live_test_2_921;[0]
live_test_2_922;[0]
live_test_2_923;[0]
live_test_2_924;[0]
live_test_2_925;[1]
live_test_2_926;[0]
live_test_2_927;[0]
live_test_2_928;[0]
live_test_2_929;[1]
live_test_2_93;[0]
live_test_2_930;[0]
live_test_2_931;[1]
live_test_2_932;[0]
live_test_2_933;[0]
live_test_2_934;[0]
live_test_2_935;[1]
live_test_2_936;[0]
live_test_2_937;[0]
live_test_2_938;[0]
live_test_2_939;[1]
live_test_2_94;[0]
live_test_2_940;[0]
live_test_2_941;[0]
live_test_2_942;[1]
live_test_2_943;[0]
live_test_2_944;[0]
live_test_2_945;[1]
live_test_2_946;[0]
live_test_2_947;[1]
live_test_2_948;[0]
live_test_2_949;[0]
live_test_2_95;[0]
live_test_2_950;[1]
live_test_2_951;[0]
live_test_2_952;[0]
live_test_2_953;[1]
live_test_2_954;[0]
live_test_2_955;[0]
live_test_2_956;[1]
live_test_2_957;[0]
live_test_2_958;[0]
live_test_2_959;[1]
live_test_2_96;[0]
live_test_2_960;[0]
live_test_2_961;[1]
live_test_2_962;[0]
live_test_2_963;[0]
live_test_2_964;[1]
live_test_2_965;[0]
live_test_2_966;[0]
live_test_2_967;[0]
live_test_2_968;[1]
live_test_2_969;[0]
live_test_2_97;[1]
live_test_2_970;[1]
live_test_2_971;[0]
live_test_2_972;[1]
live_test_2_973;[0]
live_test_2_974;[1]
live_test_2_975;[0]
live_test_2_976;[1]
live_test_2_977;[0]
live_test_2_978;[1]
live_test_2_979;[0]
live_test_2_98;[0]
live_test_2_980;[1]
live_test_2_981;[0]
live_test_2_982;[1]
live_test_2_983;[0]
live_test_2_984;[1]
live_test_2_985;[0]
live_test_2_986;[0]
live_test_2_987;[0]
live_test_2_988;[0]
live_test_2_989;[0]
live_test_2_99;[1]
live_test_2_990;[0]
live_test_2_991;[0]
live_test_2_992;[0]
live_test_2_993;[0]
live_test_2_994;[0]
live_test_2_995;[0]
live_test_2_996;[0]
live_test_2_997;[0]
live_test_2_998;[0]
live_test_2_999;[0]
live_test_3_1141;[0]
live_test_3_1142;[0]
live_test_3_1143;[0]
live_test_3_1144;[0]
live_test_3_1145;[0]
live_test_3_1146;[0]
live_test_3_1147;[1]
live_test_3_1148;[0]
live_test_3_1149;[0]
live_test_3_1150;[0]
live_test_3_1151;[0]
live_test_3_1152;[0]
live_test_3_1153;[0]
live_test_3_1154;[0]
live_test_3_1155;[0]
live_test_3_1156;[0]
live_test_3_1157;[0]
live_test_3_1158;[0]
live_test_3_1159;[0]
live_test_3_1160;[0]
live_test_3_1161;[0]
live_test_3_1162;[0]
live_test_3_1163;[0]
live_test_3_1164;[0]
live_test_3_1165;[0]
live_test_3_1166;[0]
live_test_3_1167;[0]
live_test_3_1168;[0]
live_test_3_1169;[0]
live_test_3_1170;[0]
live_test_3_1171;[0]
live_test_3_1172;[0]
live_test_3_1173;[0]
live_test_3_1174;[0]
live_test_3_1175;[0]
live_test_3_1176;[0]
live_test_3_1177;[0]
live_test_3_1178;[0]
live_test_3_1179;[0]
live_test_3_1180;[0]
live_test_3_1181;[0]
live_test_3_1182;[0]
live_test_3_1183;[0]
live_test_3_1184;[0]
live_test_3_1185;[0]
live_test_3_1186;[0]
live_test_3_1187;[0]
live_test_3_1188;[0]
live_test_3_1189;[0]
live_test_3_1190;[0]
live_test_3_1191;[0]
live_test_3_1192;[0]
live_test_3_1193;[0]
live_test_3_1194;[0]
live_test_3_1195;[0]
live_test_3_1196;[0]
live_test_3_1197;[0]
live_test_3_1198;[0]
live_test_3_1199;[0]
live_test_3_1200;[0]
live_test_3_1201;[0]
live_test_3_1202;[0]
live_test_3_1203;[0]
live_test_3_1204;[0]
live_test_3_1205;[0]
live_test_3_1206;[0]
live_test_3_1207;[0]
live_test_3_1208;[0]
live_test_3_1209;[0]
live_test_3_1210;[0]
live_test_3_1211;[0]
live_test_3_1212;[0]
live_test_3_1213;[0]
live_test_3_1214;[0]
live_test_3_1215;[0]
live_test_3_1216;[0]
live_test_3_1217;[0]
live_test_3_1218;[0]
live_test_3_1219;[0]
live_test_3_1220;[0]
live_test_3_1221;[0]
live_test_3_1222;[0]
live_test_3_1223;[0]
live_test_3_1224;[1]
live_test_3_1225;[0]
live_test_3_1226;[1]
live_test_3_1227;[0]
live_test_3_1228;[0]
live_test_3_1229;[0]
live_test_3_1230;[0]
live_test_3_1231;[0]
live_test_3_1232;[0]
live_test_3_1233;[0]
live_test_3_1234;[0]
live_test_3_1235;[0]
live_test_3_1236;[0]
live_test_3_1237;[0]
live_test_3_1238;[0]
live_test_3_1239;[0]
live_test_3_1240;[0]
live_test_3_1241;[0]
live_test_3_1242;[0]
live_test_3_1243;[1]
live_test_3_1244;[0]
live_test_3_1245;[0]
live_test_3_1246;[1]
live_test_3_1247;[0]
live_test_3_1248;[0]
live_test_3_1249;[1]
live_test_3_1250;[0]
live_test_3_1251;[0]
live_test_3_1252;[0]
live_test_3_1253;[0]
live_test_3_1254;[0]
live_test_3_1255;[0]
live_test_3_1256;[0]
live_test_3_1257;[0]
live_test_3_1258;[0]
live_test_3_1259;[0]
live_test_3_1260;[0]
live_test_3_1261;[0]
live_test_3_1262;[0]
live_test_3_1263;[0]
live_test_3_1264;[0]
live_test_3_1265;[0]
live_test_3_1266;[0]
live_test_3_1267;[0]
live_test_3_1268;[0]
live_test_3_1269;[0]
live_test_3_1270;[0]
live_test_3_1271;[0]
live_test_3_1272;[0]
live_test_3_1273;[0]
live_test_3_1274;[1]
live_test_3_1275;[0]
live_test_3_1276;[1]
live_test_3_1277;[0]
live_test_3_1278;[0]
live_test_3_1279;[0]
live_test_3_1280;[0]
live_test_3_1281;[0]
live_test_3_1282;[0]
live_test_3_1283;[0]
live_test_3_1284;[0]
live_test_3_1285;[0]
live_test_3_1286;[0]
live_test_3_1287;[0]
live_test_3_1288;[0]
live_test_3_1289;[0]
live_test_3_1290;[0]
live_test_3_1291;[0]
live_test_3_1292;[0]
live_test_3_1293;[0]
live_test_3_1294;[0]
live_test_3_1295;[0]
live_test_3_1296;[0]
live_test_3_1297;[0]
live_test_3_1298;[0]
live_test_3_1299;[1]
live_test_3_1300;[0]
live_test_3_1301;[0]
live_test_3_1302;[0]
live_test_3_1303;[0]
live_test_3_1304;[0]
live_test_3_1305;[0]
live_test_3_1306;[0]
live_test_3_1307;[0]
live_test_3_1308;[0]
live_test_3_1309;[0]
live_test_3_1310;[0]
live_test_3_1311;[1]
live_test_3_1312;[0]
live_test_3_1313;[1]
live_test_3_1314;[0]
live_test_3_1315;[1]
live_test_3_1316;[0]
live_test_3_1317;[1]
live_test_3_1318;[0]
live_test_3_1319;[1]
live_test_3_1320;[0]
live_test_3_1321;[1]
live_test_3_1322;[0]
live_test_3_1323;[1]
live_test_3_1324;[0]
live_test_3_1325;[1]
live_test_3_1326;[0]
live_test_3_1327;[1]
live_test_3_1328;[0]
live_test_3_1329;[0]
live_test_3_1330;[0]
live_test_3_1331;[0]
live_test_3_1332;[0]
live_test_3_1333;[0]
live_test_3_1334;[0]
live_test_3_1335;[0]
live_test_3_1336;[0]
live_test_3_1337;[0]
live_test_3_1338;[0]
live_test_3_1339;[0]
live_test_3_1340;[0]
live_test_3_1341;[0]
live_test_3_1342;[0]
live_test_3_1343;[0]
live_test_3_1344;[0]
live_test_3_1345;[0]
live_test_3_1346;[0]
live_test_3_1347;[0]
live_test_3_1348;[0]
live_test_3_1349;[0]
live_test_3_1350;[0]
live_test_3_1351;[0]
live_test_3_1352;[0]
live_test_3_1353;[0]
live_test_3_1354;[0]
live_test_3_1355;[0]
live_test_3_1356;[0]
live_test_3_1357;[0]
live_test_3_1358;[0]
live_test_3_1359;[0]
live_test_3_1360;[0]
live_test_3_1361;[0]
live_test_3_1362;[0]
live_test_3_1363;[0]
live_test_3_1364;[0]
live_test_3_1365;[0]
live_test_3_1366;[0]
live_test_3_1367;[0]
live_test_3_1368;[0]
live_test_3_1369;[0]
live_test_3_1370;[0]
live_test_3_1371;[0]
live_test_3_1372;[0]
live_test_3_1373;[0]
live_test_3_1374;[0]
live_test_3_1375;[0]
live_test_3_1376;[0]
live_test_3_1377;[0]
live_test_3_1378;[0]
live_test_3_1379;[0]
live_test_3_1380;[0]
live_test_3_1381;[0]
live_test_3_1382;[0]
live_test_3_1383;[0]
live_test_3_1384;[0]
live_test_3_1385;[0]
live_test_3_1386;[0]
live_test_3_1387;[0]
live_test_3_1388;[0]
live_test_3_1389;[0]
live_test_3_1390;[0]
live_test_3_1391;[0]
live_test_3_1392;[0]
live_test_3_1393;[0]
live_test_3_1394;[0]
live_test_3_1395;[0]
live_test_3_1396;[0]
live_test_3_1397;[0]
live_test_3_1398;[0]
live_test_3_1399;[0]
live_test_3_1400;[0]
live_test_3_1401;[0]
live_test_3_1402;[0]
live_test_3_1403;[0]
live_test_3_1404;[0]
live_test_3_1405;[0]
live_test_3_1406;[0]
live_test_3_1407;[0]
live_test_3_1408;[0]
live_test_3_1409;[0]
live_test_3_1410;[0]
live_test_3_1411;[0]
live_test_3_1412;[0]
live_test_3_1413;[0]
live_test_3_1414;[0]
live_test_3_1415;[0]
live_test_3_1416;[0]
live_test_3_1417;[0]
live_test_3_1418;[0]
live_test_3_1419;[0]
live_test_3_1420;[0]
live_test_3_1421;[0]
live_test_3_1422;[0]
live_test_3_1423;[0]
live_test_3_1424;[0]
live_test_3_1425;[0]
live_test_3_1426;[0]
live_test_3_1427;[0]
live_test_3_1428;[0]
live_test_3_1429;[0]
live_test_3_1430;[0]
live_test_3_1431;[0]
live_test_3_1432;[0]
live_test_3_1433;[0]
live_test_3_1434;[0]
live_test_3_1435;[0]
live_test_3_1436;[0]
live_test_3_1437;[0]
live_test_3_1438;[0]
live_test_3_1439;[0]
live_test_3_1440;[0]
live_test_3_1441;[0]
live_test_3_1442;[0]
live_test_3_1443;[0]
live_test_3_1444;[0]
live_test_3_1445;[0]
live_test_3_1446;[0]
live_test_3_1447;[0]
live_test_3_1448;[0]
live_test_3_1449;[0]
live_test_3_1450;[0]
live_test_3_1451;[0]
live_test_3_1452;[0]
live_test_3_1453;[0]
live_test_3_1454;[0]
live_test_3_1455;[0]
live_test_3_1456;[0]
live_test_3_1457;[0]
live_test_3_1458;[0]
live_test_3_1459;[0]
live_test_3_1460;[0]
live_test_3_1461;[0]
live_test_3_1462;[0]
live_test_3_1463;[0]
live_test_3_1464;[0]
live_test_3_1465;[0]
live_test_3_1466;[0]
live_test_3_1467;[0]
live_test_3_1468;[0]
live_test_3_1469;[0]
live_test_3_1470;[0]
live_test_3_1471;[0]
live_test_3_1472;[0]
live_test_3_1473;[0]
live_test_3_1474;[0]
live_test_3_1475;[0]
live_test_3_1476;[0]
live_test_3_1477;[0]
live_test_3_1478;[0]
live_test_3_1479;[0]
live_test_3_1480;[0]
live_test_3_1481;[0]
live_test_3_1482;[0]
live_test_3_1483;[0]
live_test_3_1484;[0]
live_test_3_1485;[0]
live_test_3_1486;[0]
live_test_3_1487;[0]
live_test_3_1488;[0]
live_test_3_1489;[0]
live_test_3_1490;[0]
live_test_3_1491;[0]
live_test_3_1492;[0]
live_test_3_1493;[0]
live_test_3_1494;[0]
live_test_3_1495;[0]
live_test_3_1496;[0]
live_test_3_1497;[0]
live_test_3_1498;[0]
live_test_3_1499;[0]
live_test_3_1500;[0]
live_test_3_1501;[0]
live_test_3_1502;[0]
live_test_3_1503;[0]
live_test_3_1504;[0]
live_test_3_1505;[0]
live_test_3_1506;[0]
live_test_3_1507;[0]
live_test_3_1508;[0]
live_test_3_1509;[0]
live_test_3_1510;[0]
live_test_3_1511;[0]
live_test_3_1512;[0]
live_test_3_1513;[0]
live_test_3_1514;[0]
live_test_3_1515;[0]
live_test_3_1516;[0]
live_test_3_1517;[0]
live_test_3_1518;[0]
live_test_3_1519;[0]
live_test_3_1520;[0]
live_test_3_1521;[0]
live_test_3_1522;[0]
live_test_3_1523;[0]
live_test_3_1524;[0]
live_test_3_1525;[0]
live_test_3_1526;[0]
live_test_3_1527;[0]
live_test_3_1528;[0]
live_test_3_1529;[0]
live_test_3_1530;[0]
live_test_3_1531;[0]
live_test_3_1532;[0]
live_test_3_1533;[0]
live_test_3_1534;[0]
live_test_3_1535;[0]
live_test_3_1536;[0]
live_test_3_1537;[0]
live_test_3_1538;[0]
live_test_3_1539;[0]
live_test_3_1540;[0]
live_test_3_1541;[0]
live_test_3_1542;[0]
live_test_3_1543;[0]
live_test_3_1544;[0]
live_test_3_1545;[0]
live_test_3_1546;[0]
live_test_3_1547;[0]
live_test_3_1548;[0]
live_test_3_1549;[0]
live_test_3_1550;[0]
live_test_3_1551;[0]
live_test_3_1552;[0]
live_test_3_1553;[0]
live_test_3_1554;[0]
live_test_3_1555;[0]
live_test_3_1556;[0]
live_test_3_1557;[0]
live_test_3_1558;[0]
live_test_3_1559;[0]
live_test_3_1560;[0]
live_test_3_1561;[0]
live_test_3_1562;[0]
live_test_3_1563;[0]
live_test_3_1564;[0]
live_test_3_1565;[0]
live_test_3_1566;[0]
live_test_3_1567;[0]
live_test_3_1568;[0]
live_test_3_1569;[0]
live_test_3_1570;[0]
live_test_3_1571;[0]
live_test_3_1572;[0]
live_test_3_1573;[0]
live_test_3_1574;[0]
live_test_3_1575;[0]
live_test_3_1576;[0]
live_test_3_1577;[0]
live_test_3_1578;[0]
live_test_3_1579;[0]
live_test_3_1580;[0]
live_test_3_1581;[0]
live_test_3_1582;[0]
live_test_3_1583;[0]
live_test_3_1584;[0]
live_test_3_1585;[0]
live_test_3_1586;[0]
live_test_3_1587;[0]
live_test_3_1588;[0]
live_test_3_1589;[0]
live_test_3_1590;[0]
live_test_3_1591;[0]
live_test_3_1592;[0]
live_test_3_1593;[0]
live_test_3_1594;[0]
live_test_3_1595;[0]
live_test_3_1596;[0]
live_test_3_1597;[0]
live_test_3_1598;[0]
live_test_3_1599;[0]
live_test_3_1600;[0]
live_test_3_1601;[0]
live_test_3_1602;[0]
live_test_3_1603;[0]
live_test_3_1604;[0]
live_test_3_1605;[0]
live_test_3_1606;[0]
live_test_3_1607;[0]
live_test_3_1608;[0]
live_test_3_1609;[0]
live_test_3_1610;[0]
live_test_3_1611;[0]
live_test_3_1612;[0]
live_test_3_1613;[0]
live_test_3_1614;[0]
live_test_3_1615;[0]
live_test_3_1616;[0]
live_test_3_1617;[0]
live_test_3_1618;[0]
live_test_3_1619;[0]
live_test_3_1620;[0]
live_test_3_1621;[0]
live_test_3_1622;[0]
live_test_3_1623;[0]
live_test_3_1624;[0]
live_test_3_1625;[0]
live_test_3_1626;[0]
live_test_3_1627;[0]
live_test_3_1628;[0]
live_test_3_1629;[0]
live_test_3_1630;[0]
live_test_3_1631;[0]
live_test_3_1632;[0]
live_test_3_1633;[0]
live_test_3_1634;[0]
live_test_3_1635;[0]
live_test_3_1636;[0]
live_test_3_1637;[0]
live_test_3_1638;[0]
live_test_3_1639;[0]
live_test_3_1640;[0]
live_test_3_1641;[0]
live_test_3_1642;[0]
live_test_3_1643;[0]
live_test_3_1644;[0]
live_test_3_1645;[0]
live_test_3_1646;[0]
live_test_3_1647;[0]
live_test_3_1648;[1]
live_test_3_1649;[0]
live_test_3_1650;[1]
live_test_3_1651;[0]
live_test_3_1652;[1]
live_test_3_1653;[0]
live_test_3_1654;[0]
live_test_3_1655;[0]
live_test_3_1656;[0]
live_test_3_1657;[0]
live_test_3_1658;[0]
live_test_3_1659;[0]
live_test_3_1660;[0]
live_test_3_1661;[0]
live_test_3_1662;[0]
live_test_3_1663;[0]
live_test_3_1664;[0]
live_test_3_1665;[0]
live_test_3_1666;[0]
live_test_3_1667;[0]
live_test_3_1668;[0]
live_test_3_1669;[0]
live_test_3_1670;[0]
live_test_3_1671;[0]
live_test_3_1672;[0]
live_test_3_1673;[0]
live_test_3_1674;[0]
live_test_3_1675;[0]
live_test_3_1676;[0]
live_test_3_1677;[0]
live_test_3_1678;[0]
live_test_3_1679;[0]
live_test_3_1680;[0]
live_test_3_1681;[0]
live_test_3_1682;[0]
live_test_3_1683;[0]
live_test_3_1684;[0]
live_test_3_1685;[0]
live_test_3_1686;[0]
live_test_3_1687;[0]
live_test_3_1688;[0]
live_test_3_1689;[0]
live_test_3_1690;[0]
live_test_3_1691;[0]
live_test_3_1692;[0]
live_test_3_1693;[0]
live_test_3_1694;[0]
live_test_3_1695;[0]
live_test_3_1696;[0]
live_test_3_1697;[0]
live_test_3_1698;[0]
live_test_3_1699;[0]
live_test_3_1700;[0]
live_test_3_1701;[0]
live_test_3_1702;[0]
live_test_3_1703;[0]
live_test_3_1704;[0]
live_test_3_1705;[0]
live_test_3_1706;[0]
live_test_3_1707;[0]
live_test_3_1708;[0]
live_test_3_1709;[0]
live_test_3_1710;[0]
live_test_3_1711;[0]
live_test_3_1712;[0]
live_test_3_1713;[0]
live_test_3_1714;[0]
live_test_3_1715;[0]
live_test_3_1716;[0]
live_test_3_1717;[0]
live_test_3_1718;[0]
live_test_3_1719;[0]
live_test_3_1720;[0]
live_test_3_1721;[0]
live_test_3_1722;[0]
live_test_3_1723;[0]
live_test_3_1724;[0]
live_test_3_1725;[0]
live_test_3_1726;[0]
live_test_3_1727;[0]
live_test_3_1728;[0]
live_test_3_1729;[0]
live_test_3_1730;[0]
live_test_3_1731;[0]
live_test_3_1732;[0]
live_test_3_1733;[0]
live_test_3_1734;[0]
live_test_3_1735;[0]
live_test_3_1736;[0]
live_test_3_1737;[0]
live_test_3_1738;[0]
live_test_3_1739;[0]
live_test_3_1740;[0]
live_test_3_1741;[1]
live_test_3_1742;[0]
live_test_3_1743;[1]
live_test_3_1744;[0]
live_test_3_1745;[1]
live_test_3_1746;[0]
live_test_3_1747;[0]
live_test_3_1748;[0]
live_test_3_1749;[0]
live_test_3_1750;[0]
live_test_3_1751;[0]
live_test_3_1752;[0]
live_test_3_1753;[0]
live_test_3_1754;[0]
live_test_3_1755;[0]
live_test_3_1756;[0]
live_test_3_1757;[0]
live_test_3_1758;[0]
live_test_3_1759;[0]
live_test_3_1760;[0]
live_test_3_1761;[0]
live_test_3_1762;[0]
live_test_3_1763;[0]
live_test_3_1764;[0]
live_test_3_1765;[0]
live_test_3_1766;[0]
live_test_3_1767;[0]
live_test_3_1768;[0]
live_test_3_1769;[0]
live_test_3_1770;[0]
live_test_3_1771;[0]
live_test_3_1772;[0]
live_test_3_1773;[0]
live_test_3_1774;[0]
live_test_3_1775;[0]
live_test_3_1776;[0]
live_test_3_1777;[0]
live_test_3_1778;[0]
live_test_3_1779;[0]
live_test_3_1780;[0]
live_test_3_1781;[0]
live_test_3_1782;[0]
live_test_3_1783;[0]
live_test_3_1784;[0]
live_test_3_1785;[0]
live_test_3_1786;[0]
live_test_3_1787;[0]
live_test_3_1788;[0]
live_test_3_1789;[0]
live_test_3_1790;[0]
live_test_3_1791;[0]
live_test_3_1792;[0]
live_test_3_1793;[0]
live_test_3_1794;[0]
live_test_3_1795;[0]
live_test_3_1796;[0]
live_test_3_1797;[0]
live_test_3_1798;[0]
live_test_3_1799;[0]
live_test_3_1800;[0]
live_test_3_1801;[0]
live_test_3_1802;[0]
live_test_3_1803;[0]
live_test_3_1804;[0]
live_test_3_1805;[0]
live_test_3_1806;[0]
live_test_3_1807;[0]
live_test_3_1808;[0]
live_test_3_1809;[0]
live_test_3_1810;[0]
live_test_3_1811;[0]
live_test_3_1812;[0]
live_test_3_1813;[0]
live_test_3_1814;[0]
live_test_3_1815;[0]
live_test_3_1816;[0]
live_test_3_1817;[0]
live_test_3_1818;[0]
live_test_3_1819;[0]
live_test_3_1820;[0]
live_test_3_1821;[0]
live_test_3_1822;[0]
live_test_3_1823;[0]
live_test_3_1824;[0]
live_test_3_1825;[0]
live_test_3_1826;[0]
live_test_3_1827;[0]
live_test_3_1828;[0]
live_test_3_1829;[0]
live_test_3_1830;[0]
live_test_3_1831;[0]
live_test_3_1832;[0]
live_test_3_1833;[0]
live_test_3_1834;[0]
live_test_3_1835;[0]
live_test_3_1836;[0]
live_test_3_1837;[0]
live_test_3_1838;[0]
live_test_3_1839;[0]
live_test_3_1840;[0]
live_test_3_1841;[0]
live_test_3_1842;[0]
live_test_3_1843;[0]
